{"cameraMode":{"drawMode":0,"name":"Shaded","section":"Shading Mode"},"sceneLighting":false,"audioPlay":false,"sceneViewState":{"showFog":true,"showMaterialUpdate":false,"showSkybox":true,"showFlares":true,"showImageEffects":true,"showParticleSystems":true},"in2DMode":false,"pivot":{"x":-0.09215737879276276,"y":0.029762808233499528,"z":-0.15801852941513062},"rotation":{"x":0.030656760558485986,"y":-0.9280730485916138,"z":0.07843165099620819,"w":0.36275216937065127},"size":2.3364243507385256,"orthographic":false}