{"cameraMode":{"drawMode":0,"name":"Shaded","section":"Shading Mode"},"sceneLighting":false,"audioPlay":false,"sceneViewState":{"showFog":true,"showMaterialUpdate":false,"showSkybox":true,"showFlares":true,"showImageEffects":true,"showParticleSystems":true},"in2DMode":false,"pivot":{"x":-0.11473896354436875,"y":0.3203059136867523,"z":-0.34938156604766848},"rotation":{"x":-0.08143988996744156,"y":0.653723418712616,"z":-0.071082703769207,"w":-0.7489729523658752},"size":3.236423969268799,"orthographic":false}